relative_path,size_bytes_before,sha256_before,size_bytes_after,sha256_after,status
A11Y_CHECKLIST_S20.md,2650.0,bb4179cb30bc6dd51a68415d4b8b764aac1dfc4f8f3a0fd932df4af462c0a024,2650,bb4179cb30bc6dd51a68415d4b8b764aac1dfc4f8f3a0fd932df4af462c0a024,UNCHANGED
A11Y_README.md,2024.0,ec21bfeb8a667b967c8b239f5e2bbadebb40bc78204c3e545e3f0f2598baec85,2024,ec21bfeb8a667b967c8b239f5e2bbadebb40bc78204c3e545e3f0f2598baec85,UNCHANGED
BRAND_README.md,1090.0,d1c61893abb933771d89f3dad82f26f0344ea9022091b3d4507817d86edd977a,1090,d1c61893abb933771d89f3dad82f26f0344ea9022091b3d4507817d86edd977a,UNCHANGED
CHANGELOG_S19.md,704.0,5a55a4c720a291cb58d8e23a7038d9bfe9e939a5a3e1e54a077159aea4bb45af,704,5a55a4c720a291cb58d8e23a7038d9bfe9e939a5a3e1e54a077159aea4bb45af,UNCHANGED
CHANGELOG_S20.md,2078.0,993d3d526e157f4c16fe992721ce7ec28cb292febdd3ec8c8cab9deec66bc7d3,2078,993d3d526e157f4c16fe992721ce7ec28cb292febdd3ec8c8cab9deec66bc7d3,UNCHANGED
VERSION.txt,7.0,012d90114ab45067434ff0ac2355578aabc16230d6f599f8c5865d2dd4a34dcf,7,012d90114ab45067434ff0ac2355578aabc16230d6f599f8c5865d2dd4a34dcf,UNCHANGED
app/models/__init__.py,103.0,13765ea462c2a54ed2536e2f15ebd19cb5a3ae3ba9e7073d200f1c8496ab70a0,103,13765ea462c2a54ed2536e2f15ebd19cb5a3ae3ba9e7073d200f1c8496ab70a0,UNCHANGED
app/models/graph.py,607.0,d28e4b0cdb7eb611a11a6fb9a0fe313de71fabfc9d0d11c60e482a4231997c01,607,d28e4b0cdb7eb611a11a6fb9a0fe313de71fabfc9d0d11c60e482a4231997c01,UNCHANGED
app/repos/__init__.py,230.0,16d20762b92b1a0b19487f0b572f47cac29541f3179f5c1b5e1c30cf752e2001,230,16d20762b92b1a0b19487f0b572f47cac29541f3179f5c1b5e1c30cf752e2001,UNCHANGED
app/repos/graphs_db.py,1005.0,22de18e04cc506b6a8767ade38a1a9d4c7de4a88f843fb255c59269f62040c90,1005,22de18e04cc506b6a8767ade38a1a9d4c7de4a88f843fb255c59269f62040c90,UNCHANGED
app/routers/admin.py,5998.0,acdd3891deab3c70891ca1f77522507b3fe8a4df7feecf17ab82e4528ee7922d,5998,acdd3891deab3c70891ca1f77522507b3fe8a4df7feecf17ab82e4528ee7922d,UNCHANGED
app/routers/auth.py,27671.0,b34863e49f5a4f0d500378292a07ea0bee616b79abb2989f91a42c75b94d910d,27671,b34863e49f5a4f0d500378292a07ea0bee616b79abb2989f91a42c75b94d910d,UNCHANGED
app/routers/frontend.py,9438.0,9ada6eca50c28101ffb74f3001d39a735761324132385d48d560edfc22966630,9438,9ada6eca50c28101ffb74f3001d39a735761324132385d48d560edfc22966630,UNCHANGED
app/routers/graphs.py,12581.0,e58e937a3574f3c7eee057f85419f6dc277759f2c89a68b05e02e0b4c1c61b20,12581,e58e937a3574f3c7eee057f85419f6dc277759f2c89a68b05e02e0b4c1c61b20,UNCHANGED
app/routers/runtime.py,15806.0,013414f790a0d93894180a5ad0500bf4014ce032e4e9643c7a5911242143d568,15806,013414f790a0d93894180a5ad0500bf4014ce032e4e9643c7a5911242143d568,UNCHANGED
app/routers/ui.py,2413.0,418288964d219caca3135bc1c7300a11d05d6d92a48a6ee262455e4bf02ea623,2413,418288964d219caca3135bc1c7300a11d05d6d92a48a6ee262455e4bf02ea623,UNCHANGED
app/routers/workspaces.py,15029.0,dca432724c03cba7f66bbb1f3e653e5d714239c151f60bbef731f44bd6fed634,15029,dca432724c03cba7f66bbb1f3e653e5d714239c151f60bbef731f44bd6fed634,UNCHANGED
app/static/a11y.js,4953.0,b1ad80cb0bf2bec1f227209350e06f07fc34be3d2ff83e8c5efe8e9b5075e607,4953,b1ad80cb0bf2bec1f227209350e06f07fc34be3d2ff83e8c5efe8e9b5075e607,UNCHANGED
app/static/admin.html,1726.0,2ccd347491d56c87f359147c2d0186a3500a77c24f6fe73d0596b0d116590c8d,1726,2ccd347491d56c87f359147c2d0186a3500a77c24f6fe73d0596b0d116590c8d,UNCHANGED
app/static/dashboard.html,1578.0,ba80413a1ee2529424fc8b389dd0cc8cb6fcf97087354f33ca869352845ca7ad,1578,ba80413a1ee2529424fc8b389dd0cc8cb6fcf97087354f33ca869352845ca7ad,UNCHANGED
app/static/editor.html,2466.0,7ad2eff5af6d1c9fad3dd62199076a9e41fe41c1d24abbdd656375848a8a5d5b,2466,7ad2eff5af6d1c9fad3dd62199076a9e41fe41c1d24abbdd656375848a8a5d5b,UNCHANGED
app/static/execute.html,1193.0,9b436e1e6c06e78da3b0a2d3b4a11403ba4e125e9bd8531b98557aa88b6c0256,1193,9b436e1e6c06e78da3b0a2d3b4a11403ba4e125e9bd8531b98557aa88b6c0256,UNCHANGED
app/static/icons/status-fail.svg,207.0,877c72f2736981de8790983394230f7567ff2e59c212ed8cfd2ba91f1914b0cd,207,877c72f2736981de8790983394230f7567ff2e59c212ed8cfd2ba91f1914b0cd,UNCHANGED
app/static/icons/status-info.svg,243.0,38a50992a54976256ff67710f843bc3693dde72777399f9bd659d6672cf45f93,243,38a50992a54976256ff67710f843bc3693dde72777399f9bd659d6672cf45f93,UNCHANGED
app/static/icons/status-pass.svg,421.0,ff8a8fa3234127e49aafcb117dd5b19d33d40346e6b09223eb07684fae1cb427,421,ff8a8fa3234127e49aafcb117dd5b19d33d40346e6b09223eb07684fae1cb427,UNCHANGED
app/static/icons/status-warn.svg,249.0,a3bad381caca07bb0f21c9510a68cce75d32e55c9c9f1c82031dc388bb03770c,249,a3bad381caca07bb0f21c9510a68cce75d32e55c9c9f1c82031dc388bb03770c,UNCHANGED
app/static/index.html,954.0,0a6515fe7c7b5211e50f8d2be986ea22aa9f6bada9c4f8bfd7b00767cc8a887e,954,0a6515fe7c7b5211e50f8d2be986ea22aa9f6bada9c4f8bfd7b00767cc8a887e,UNCHANGED
app/static/inspect.html,953.0,c787e9a6f51487711e13c09c73025af7772f8a419a887a051c0e4463a543124c,953,c787e9a6f51487711e13c09c73025af7772f8a419a887a051c0e4463a543124c,UNCHANGED
app/static/io.html,2201.0,6721c190c66807096b26ca7649972f1cc9994538a78fdcb5e71f66c13e638093,2201,6721c190c66807096b26ca7649972f1cc9994538a78fdcb5e71f66c13e638093,UNCHANGED
app/static/login.html,3349.0,2050c3df1256be69f42b46063ddebbf803a7558b7544044e0ca07cc4eae91dc0,3349,2050c3df1256be69f42b46063ddebbf803a7558b7544044e0ca07cc4eae91dc0,UNCHANGED
app/static/nav.js,5423.0,97f8d59bb5998f67ba1ae8883759d57e85005a29e8c683b896b2eae428a49862,5423,97f8d59bb5998f67ba1ae8883759d57e85005a29e8c683b896b2eae428a49862,UNCHANGED
app/static/onboarding.html,770.0,e710aba5b93a6b2f7ccb99eb0e2d96fd70d577fc32fa12dc7ff7fda6a48b13cb,770,e710aba5b93a6b2f7ccb99eb0e2d96fd70d577fc32fa12dc7ff7fda6a48b13cb,UNCHANGED
app/static/search.html,1057.0,6596fa9e60f82d6352f2c74f08917eb7b2b29db7d8d4bcb8b1690f6261729cad,1057,6596fa9e60f82d6352f2c74f08917eb7b2b29db7d8d4bcb8b1690f6261729cad,UNCHANGED
app/static/session.html,1243.0,69a46e92923c342e71f5f545bc7881bcaf01b497c677dff8ac80a67f6938fa00,1243,69a46e92923c342e71f5f545bc7881bcaf01b497c677dff8ac80a67f6938fa00,UNCHANGED
app/static/style.css,25072.0,6701e6378de0309f30216377ccef42e80f5b402e370c2f360f6bb52883fe589a,25072,6701e6378de0309f30216377ccef42e80f5b402e370c2f360f6bb52883fe589a,UNCHANGED
app/static/theme.css,811.0,2215fee86f47040dd59a7f25397a20d1c6a4ea50e48f8131864ff436c31928c5,811,2215fee86f47040dd59a7f25397a20d1c6a4ea50e48f8131864ff436c31928c5,UNCHANGED
app/static/viewer.html,1343.0,6e38b7259668baa36d138ead66869d9b139a8a8f1625d0cd09773e6e3fa28264,1343,6e38b7259668baa36d138ead66869d9b139a8a8f1625d0cd09773e6e3fa28264,UNCHANGED
app/static/workspaces.html,1545.0,0cbe0f1881825022c90c60d160a5f166538b183599dcad4f30b0e8a3de2509ad,1545,0cbe0f1881825022c90c60d160a5f166538b183599dcad4f30b0e8a3de2509ad,UNCHANGED
app/ui/copy.py,1111.0,b5d4147764874e42c7b661d7a108b6a46d71a7bc5da49d0945ca62f0bc3425ca,1111,b5d4147764874e42c7b661d7a108b6a46d71a7bc5da49d0945ca62f0bc3425ca,UNCHANGED
audit/S20.16_critical_hashes.csv,199.0,6a5a5a01b3fa173e59871e17af87409c5e2251855fac9a01a679345b36362178,199,6a5a5a01b3fa173e59871e17af87409c5e2251855fac9a01a679345b36362178,UNCHANGED
audit/S20.16_delta_summary.json,57.0,9d0f039cb9064cd8b5404eb35433ce2a2d526eac1fecb0d71e48be8749c4e27b,57,9d0f039cb9064cd8b5404eb35433ce2a2d526eac1fecb0d71e48be8749c4e27b,UNCHANGED
audit/S20.16_manifest_after.csv,4139.0,322484512c1b826f2884165dde6703a705bb69733f2588ee6158cdaab2395bee,4139,322484512c1b826f2884165dde6703a705bb69733f2588ee6158cdaab2395bee,UNCHANGED
audit/S20.16_manifest_baseline.csv,4047.0,c61fc185b7dd1ea95920e1b7771239b18b65f1bdec47dd194025e5753ec2f873,4047,c61fc185b7dd1ea95920e1b7771239b18b65f1bdec47dd194025e5753ec2f873,UNCHANGED
audit/S20.16_manifest_diff.csv,7699.0,eadd0e397f2c7244795f5fa8bbc67b80aad05aa4ed5293b278973b6b3b845825,7699,eadd0e397f2c7244795f5fa8bbc67b80aad05aa4ed5293b278973b6b3b845825,UNCHANGED
audit/S20.16_stub_sweep.csv,1.0,01ba4719c80b6fe911b091a7c05124b64eeece964e09c058ef8f9805daca546b,1,01ba4719c80b6fe911b091a7c05124b64eeece964e09c058ef8f9805daca546b,UNCHANGED
audit/S20.16_wcag_matrix.csv,2142.0,5ade9607f539f7ac2086ed48fb6eceea1fe735500b680edc76684486ab6743ef,2142,5ade9607f539f7ac2086ed48fb6eceea1fe735500b680edc76684486ab6743ef,UNCHANGED
docs/Checklist_21.md,684.0,6e29523bb4dbca0025c35b14f4412fdd9d5141d7dd407d4335d6e0985892025a,684,6e29523bb4dbca0025c35b14f4412fdd9d5141d7dd407d4335d6e0985892025a,UNCHANGED
docs/Sprint21_LOG.md,283.0,030c94503c46aed4b610b3ff8e04ff9713a25d09cdc5b63bf8979814dbef9e22,649,5b0aa7f71b1cccdb771a877fb7175d1d4937c631fff7c9eb6dc8fc868b0eb6e0,CHANGED
qc/S21.1_QC_v2.md,556.0,c1d9d571478679b7de4e464ae0686e728a0ac9ab6cecb6f917b60d6211b41029,556,c1d9d571478679b7de4e464ae0686e728a0ac9ab6cecb6f917b60d6211b41029,UNCHANGED
qc/S21.1_manifest.csv,383.0,48a8aed43a71bea02d9b84efd7420595f30f57c0918c45d8780fa9e7080692d9,383,48a8aed43a71bea02d9b84efd7420595f30f57c0918c45d8780fa9e7080692d9,UNCHANGED
qc/S21_QC_SEED.md,480.0,8023288901819fa82bc50c0e5e1aaffd9db4c8a3609e2ccfee3eb1108c64a847,480,8023288901819fa82bc50c0e5e1aaffd9db4c8a3609e2ccfee3eb1108c64a847,UNCHANGED
app/routes/graphs_export.py,,,1155,689d6aeb076d5b3ffe95efc4ff2170dc4c958910aea809a2a94c3dc82a2aa755,ADDED
app/routes/workspaces.py,,,745,0f9184f133327df0f2de19b82bc9835c423004ac16ac968a4d0bd5e9cb55bbea,ADDED
app/utils/graph_export.py,,,2800,e7ad4b1fe61fda47b89ea67af0f6727b20b131dd411a7952774dd921bd5ed149,ADDED
qc/S21.2_QC_v2.md,,,619,a6a08f9538093cc6e9609c11b06b758002b647528a0b00f0f69f030abee04198,ADDED
qc/S21.2_manifest.csv,,,320,4b2085070c4aa9c5f838f418eb467e94c8173b3c0ca096b01bbd3deab246a30f,ADDED
qc/S21.2_manifest_baseline.csv,,,4774,5e09efb1e71899077f93fb161eb6ef0347d0482f586191952ca12889d102edf2,ADDED
qc/S21.2a_QC_v2.md,,,478,40ba8d7c097938ba8cc0f14448e3cc239808600e0f8df20d7781691b9ce3863f,ADDED
qc/S21.2a_critical_hashes.csv,,,394,c8e91b5e70608beabe1a5ddef79dcfea68254e9ff5b1124bfdaf2c8ce1f017c0,ADDED
qc/S21.2a_delta_summary.json,,,151,e4204f72b1e1658a42edb4f96ce90ac432c755f8346db861f97db4b8b35c4c2a,ADDED
qc/S21.2a_manifest_after.csv,,,5342,084b1f7416a54029abba0b3c95852b6d8532d92775abc6a5d0a359f1df9fad45,ADDED
qc/S21.2a_manifest_baseline.csv,,,5146,c5db0490fec939bf638ff1bec76e1dfdf1028780fd5f879f411582a5519bbb5c,ADDED
qc/S21.2a_manifest_diff.csv,,,9894,25170fa87b9af2708b321d5bfa251e89823b2c78938e76e6707ce96a1038fc45,ADDED
