relative_path,size_bytes,sha256
app/utils/__init__.py,61,e101aef8348f9cfe3de84a07371305a87e7c3fddde50b797a147aee4945354fe
app/__init__.py,61,e101aef8348f9cfe3de84a07371305a87e7c3fddde50b797a147aee4945354fe
app/routes/__init__.py,61,e101aef8348f9cfe3de84a07371305a87e7c3fddde50b797a147aee4945354fe
app/services/__init__.py,61,e101aef8348f9cfe3de84a07371305a87e7c3fddde50b797a147aee4945354fe
app/services/providers/__init__.py,61,e101aef8348f9cfe3de84a07371305a87e7c3fddde50b797a147aee4945354fe
docs/Sprint21_LOG.md,1242,8490cabda668b31f51df3869d569354277c937d2ba1f05e0eba965378157645e
