relative_path,size_bytes,sha256
app/services/providers/base.py,553,bd5e27b2b6b18a88d78280a4b7d29b051d6a9c2da98698556c97f33f72def7a6
app/services/providers/registry.py,704,ce49305efec7717a3ddb8795638bc45c943cc9b5d6afb85e2c7ca14d57c8f0be
app/services/providers/echo.py,589,adb18cd7fc0d7c89785bea87e9fc82adee2fd6d9c2b683a7464a0e5a3c655e9f
app/services/providers/config.py,530,0120023088175cc403546bc553b1c86418cf8f7f3b3b8f08f45395741cc1804e
app/routes/providers.py,925,4d343b93362498d7adcbf34e4805745e014e3e94233bb3fa7c347f96f73583ac
docs/Sprint21_LOG.md,1100,b4d993b43946c8caa4115219b38413fd966c77e6cdba56f4fb1abb0d41d376a3
