path,present,sha256
app/routes/workspaces.py,True,0f9184f133327df0f2de19b82bc9835c423004ac16ac968a4d0bd5e9cb55bbea
app/models/graph.py,True,d28e4b0cdb7eb611a11a6fb9a0fe313de71fabfc9d0d11c60e482a4231997c01
app/models/__init__.py,True,13765ea462c2a54ed2536e2f15ebd19cb5a3ae3ba9e7073d200f1c8496ab70a0
app/utils/graph_export.py,True,e7ad4b1fe61fda47b89ea67af0f6727b20b131dd411a7952774dd921bd5ed149
app/utils/turbo_quality.py,True,4822026ba5158821b94ed3709a76de40a27961bf905f7ca99fa55cc4fdecb7f9
app/utils/__init__.py,True,e101aef8348f9cfe3de84a07371305a87e7c3fddde50b797a147aee4945354fe
app/utils/telemetry_export.py,True,6c1556cd7c6f4970c6e30f498e6e6287f4fabab83ced1a569a093465e3a6be28
