relative_path,size_bytes,sha256
app/templates/errors/404.html,390,f3e0ec71d3310502482d9e727b096392ba214b1f01fc8fe6d6175e1c10161df6
app/templates/errors/500.html,392,86f1ac3ea163f0027f1b2f6bcea6fec15fe46115671c2da018114bd9503119a6
app/utils/ui_errors.py,357,9cc8ee5995b714a7ce8c27f833063eaa39cfa17187d0fff8101f50908e938114
app/routes/errors.py,363,8bc9e9d91803771eea1437a6d509ac6d04485cdfbe2ca7af99a6d17a0e368239
docs/Sprint24_LOG.md,1291,dfc203c15c52833751a04c6ee694773bedca8f35acbe265adbd10eea1377e47d
