relative_path,size_bytes,sha256
setup.py,424,fcb6ab1f1f54f35f05de2efe4f3ea2c06c03cfa746f54f033443197f615a5e82
setup.cfg,136,ee5f614f201ca11c0299b3f33689a1667005b3ddb476c061e15abf26c24b8915
MANIFEST.in,70,ae7684973db0cf20a32106b0f43a568a3d9ea9e1b5d4e5a9b441f30333260584
app/__init__.py,61,e101aef8348f9cfe3de84a07371305a87e7c3fddde50b797a147aee4945354fe
README.md,403,d6aeadec2c2cd1626f03f7db109a8f6bd69586d16aacdcf477c09c1a8b142f8c
docs/Sprint27_LOG.md,1182,8e443845920acc15dc65d07fc127535fc0fe0edfd0b37f2191474edec8dc9194
