relative_path,size_bytes,sha256
app/i18n/locales/en.json,58,8e86650114a77d9466007068666fff8a1428801b3e8da2ca3ef99ec88dcacf12
app/i18n/locales/es.json,59,7a5fb66348b2d45d5895130914b004836d42edf3411ea30cd67237b9a4b33008
app/i18n/locales/fr.json,66,9cb41768008e82193ebc93daecd54df8865cecb848eb27b4ecc95c177e1d61a1
app/i18n/__init__.py,15,eeb9cfd3f65b30bb873c6e55525b16ad0cf03f2c5124882f8f44669d5edf6ac4
.env.example,328,686312b51f375abaa99888b2e2ab36739b8db8a9026906c511f0577e43dad0c5
docs/Sprint28_LOG.md,1363,cbf9c87e8a23b5d72efec7f552085e7b51097fbb58a4f23d116ecfa6bd3ba241
