relative_path,size_bytes,sha256
app/services/referrals/engine.py,839,a61180a160d4b65879ab34cb43b84430d12db12aa5f9e6220a488bacbed76918
app/services/referrals/__init__.py,20,b93cb79319869852b439a6142f843ea1d98d9fec4fe3650d490e36fce2dc8047
app/services/__init__.py,167,7bdae8a72f3bd709992c945798155888110c3e71d824f1a6698ec47e046e8336
.env.example,231,f92b25441ef77a8b3da9cf75bfb8b5ba50333bfa3bd4e53f95af453b02cdbc95
docs/Sprint28_LOG.md,869,9c66411184e0c3ffada868d9cbf1d808c08870ebc45ad4525814f7aafff4c501
