{
  "annotations": {
    "list": []
  },
  "panels": [
    {
      "type": "graph",
      "title": "Requests Total",
      "targets": [
        {
          "expr": "sum(rate(idecide_requests_total[1m]))"
        }
      ]
    },
    {
      "type": "graph",
      "title": "Latency (p50/p95)",
      "targets": [
        {
          "expr": "histogram_quantile(0.95, sum(rate(idecide_request_latency_seconds_bucket[5m])) by (le))"
        }
      ]
    }
  ],
  "title": "IDECIDE Backend",
  "schemaVersion": 38,
  "version": 1
}