Req ID,Requirement (Business Plan),Acceptance Criteria,Priority (M/S/C),Implemented (Yes/Partial/No),Evidence: Files,Evidence: Routes,Evidence: UI Templates,Data Model(s) + Fields,Automated Tests,Manual Verification Steps,Notes/Risks
CORE-01,Unified run flow with embedded Turbo selection,"User can choose Standard or Turbo; request is routed; response includes provider, model, latency, quality",M,Yes,app/routers/run.py; app/services/providers/registry.py; app/services/providers/strategy.py; app/utils/quality.py,POST /run,app/templates/run.html,N/A,tests/test_run.py,Open /run → select mode → enter prompt → submit; verify JSON payload shows mode/provider/model/latency/quality,Weights for quality/speed/cost are adjustable in strategy; surfacing UI controls is optional later
CORE-02,Model/provider orchestration for best outcome,"System selects provider/model based on weighted criteria (quality, speed, cost) for the task",M,Yes,app/services/providers/registry.py; app/services/providers/strategy.py,POST /run,N/A,N/A,tests/test_run.py (indirect),Run multiple times in different modes; observe provider/model selections and latency deltas,Task-specific profiles can be expanded later
DM-01,Save Decision Models (reusable),Create persists model with name/description/tags/graph_json/turbo_used,M,Yes,app/models/decision_model.py; app/services/decision_model_service.py; app/routers/decision_models.py,POST /decision-models,app/templates/decision_models.html (list view),"DecisionModel(id, user_id, name, description, tags(JSON), version, graph_json(JSON), turbo_used, created_at, updated_at)",tests/test_decision_models.py,Create via POST; verify listing and fields; confirm DB rows present,—
DM-02,List/Filter/Search Decision Models,List shows models; filters by q and tag; tags displayed,M,Yes,app/routers/decision_models.py; app/templates/decision_models.html,GET /decision-models?q=...&tag=...,app/templates/decision_models.html,DecisionModel (as above),tests/test_decision_models.py,Open /decision-models; search by keyword; filter by tag (comma input supports single-tag param),Multi-tag query param aggregation can be extended
DM-03,Retrieve a Decision Model,Return full record including parsed graph JSON,M,Yes,app/routers/decision_models.py,GET /decision-models/{id},app/templates/decision_model_view.html (consumes data),DecisionModel (as above),tests/test_decision_models.py,Fetch by id; confirm fields and graph JSON integrity,—
DM-04,Update a Decision Model,Update name/description/tags/graph_json/turbo_used/version,S,Yes,app/services/decision_model_service.py; app/routers/decision_models.py,POST /decision-models/{id},N/A,DecisionModel (as above),tests/test_decision_models.py,POST updated fields; re-fetch; verify changes persisted,—
DG-01,Decision Graph viewer,Graph renders nodes/edges and labels for a Decision Model,M,Yes,app/templates/decision_model_view.html,/decision-models/view?id=... (templated view),app/templates/decision_model_view.html,"Graph JSON convention: {nodes:[{id,label,type,evidence,risk,outcome}], edges:[{source,target,label,weight}]}",tests/test_graph_utils.py (supporting),"Open the view; verify SVG graph shows nodes/edges, and Raw JSON panel mirrors stored graph JSON",Layout is simple and performant; editor-mode can be added later
DG-02,Export JSON/CSV/PDF,JSON: raw graph; CSV: nodes/edges tables; PDF: summary + tables,M,Yes,app/utils/graph.py; app/routers/decision_models.py,GET /decision-models/{id}/export?fmt=json|csv|pdf,N/A,DecisionModel; graph utilities,tests/test_graph_utils.py,Export each format; validate headers and content; open PDF to confirm structure,PDF layout is basic but branded styling can be extended
SET-01,Settings page for per-user API keys,User can store provider keys; list shows saved providers & timestamps,M,Yes,app/models/enterprise.py; app/services/enterprise_service.py; app/routers/settings.py,GET /settings; GET/POST /settings/keys,Settings embedded UI (HTML in router),"ApiCredential(id, user_id, provider, api_key, created_at)",N/A,Open /settings; save a key; refresh list; verify saved,"For production, replace DB storage with KMS/Vault; mask values in UI"
COL-01,Share Decision Models with roles,Owner can grant viewer/editor/owner to an email; list shares per model,S,Yes (API endpoints),app/models/enterprise.py; app/services/enterprise_service.py; app/routers/share.py,POST /share; GET /share/{dm_id},N/A (API endpoints),"DecisionModelShare(id, decision_model_id, shared_with_email, role, created_at)",N/A,Create a share; list shares; verify entries,NOTE: Access control enforcement in DM endpoints is not wired; add authorization checks when needed
TEL-01,Telemetry dashboard,Charts of latency/quality from recent runs,S,Yes,app/templates/telemetry.html; app/routers/telemetry_ui.py,GET /telemetry (uses /telemetry/recent data source),app/templates/telemetry.html,N/A,N/A,Run prompts; open /telemetry; verify charts update,Relies on existing telemetry data endpoint; extend server-side series aggregation if needed
SEC-01,Security headers,App sets common secure headers on responses,M,Yes,app/utils/security_middleware.py; app/main.py (middleware add),Global,N/A,N/A,N/A,Verify headers present via browser devtools or curl -I,Add CSP + HSTS as next hardening step
SEC-02,Basic rate limiting,Limit excessive IP requests over short window,S,Yes,app/utils/security_middleware.py; app/main.py (middleware add),Global,N/A,N/A,N/A,Hit endpoints >50 times/10s and observe 429,Replace with Redis/token-bucket in distributed deployment
OPS-01,Branded UI + Navigation,"Consistent styles, navbar links to Run / Decision Models / Settings / Telemetry",M,Yes,app/templates/base.html; app/static/css/idsideai.css,N/A,"base.html, decision_models.html, run.html, telemetry.html",N/A,N/A,Manual visual inspection,—
OPS-02,PyCharm-ready packaging,venv + requirements + init_db + uvicorn works out-of-box,M,Yes,README.md; requirements.txt; app/utils/db.py,N/A,N/A,SQLite schema created by init_db(),tests/test_run.py; tests/test_decision_models.py,Follow run instructions; confirm server boots and routes respond,—
OPS-03,Integrity & audit artefacts,SHA-256 manifests; detailed audit & feature matrix,M,Yes,INTEGRITY/* (in Gold v6.0); provided downloads,N/A,N/A,N/A,N/A,Verify hashes; review audit PDF/CSV,—
