Feature,Implemented,Evidence,Notes
Unified Run (Standard/Turbo),YES,routers/run.py; providers/*,—
Decision Models + Graph + Export,YES,models/decision_model.py; routers/decision_models.py; utils/graph.py,—
BYO Keys,YES,models/enterprise.ApiCredential; routers/settings.py,—
Share/Roles,YES,models/enterprise.DecisionModelShare; routers/share.py,—
Telemetry UI,YES,templates/telemetry.html; routers/telemetry_ui.py,—
Security Baseline,YES,utils/security_middleware.py,—
Packaging & Tests,YES,README; requirements; tests/*,—
