module,status,error
app.__init__,imported_ok,
app.config.__init__,imported_ok,
app.config.feature_flags,imported_ok,
app.i18n.__init__,imported_ok,
app.middleware.__init__,imported_ok,
app.middleware.security,imported_ok,
app.models.__init__,imported_ok,
app.models.graph,imported_ok,
app.repos.__init__,imported_ok,
app.repos.graphs_db,imported_ok,
app.routers.admin,imported_ok,
app.routers.auth,imported_ok,
app.routers.frontend,imported_ok,
app.routers.graphs,imported_ok,
app.routers.runtime,imported_ok,
app.routers.ui,imported_ok,
app.routers.workspaces,imported_ok,
app.routes.__init__,imported_ok,
app.routes.a11y_overlay,imported_ok,
app.routes.analytics,imported_ok,
app.routes.analytics_dash,imported_ok,
app.routes.auth,imported_ok,
app.routes.bench,imported_ok,
app.routes.dashboard,imported_ok,
app.routes.db_crypto,imported_ok,
app.routes.dr,imported_ok,
app.routes.errors,imported_ok,
app.routes.factories_test,imported_ok,
app.routes.graph_tooltips,imported_ok,
app.routes.graphs_export,imported_ok,
app.routes.health,imported_ok,
app.routes.i18n,imported_ok,
app.routes.learning,imported_ok,
app.routes.log_test,imported_ok,
app.routes.metrics,imported_ok,
app.routes.pii_crypto,imported_ok,
app.routes.probe,imported_ok,
app.routes.provider_health,imported_ok,
app.routes.providers,imported_ok,
app.routes.scim,imported_ok,
app.routes.slo,imported_ok,
app.routes.soak,imported_ok,
app.routes.sso,imported_ok,
app.routes.telemetry,imported_ok,
app.routes.turbo_quality,imported_ok,
app.routes.ui_theme,imported_ok,
app.routes.workspaces,imported_ok,
app.services.__init__,imported_ok,
app.services.payments.__init__,imported_ok,
app.services.payments.stripe_live,imported_ok,
app.services.providers.__init__,imported_ok,
app.services.providers.base,imported_ok,
app.services.providers.config,imported_ok,
app.services.providers.echo,imported_ok,
app.services.providers.registry,imported_ok,
app.services.referrals.__init__,imported_ok,
app.services.referrals.engine,imported_ok,
app.templates.__init__,imported_ok,
app.templates.errors.__init__,imported_ok,
app.ui.copy,imported_ok,
app.utils.__init__,imported_ok,
app.utils.a11y_overlay,imported_ok,
app.utils.analytics,imported_ok,
app.utils.analytics_dash,imported_ok,
app.utils.auth_validation,imported_ok,
app.utils.bench,imported_ok,
app.utils.db_crypto,imported_ok,
app.utils.dr_backup,imported_ok,
app.utils.factories,imported_ok,
app.utils.flaky,imported_ok,
app.utils.graph_export,imported_ok,
app.utils.graph_tooltips,imported_ok,
app.utils.i18n,imported_ok,
app.utils.learning,imported_ok,
app.utils.logging,imported_ok,
app.utils.metrics,imported_ok,
app.utils.perf,imported_ok,
app.utils.pii_crypto,imported_ok,
app.utils.probe,imported_ok,
app.utils.provider_health,imported_ok,
app.utils.providers,imported_ok,
app.utils.scim,imported_ok,
app.utils.slo,imported_ok,
app.utils.soak,imported_ok,
app.utils.sso,imported_ok,
app.utils.telemetry_export,imported_ok,
app.utils.turbo_quality,imported_ok,
app.utils.ui_dashboard,imported_ok,
app.utils.ui_errors,imported_ok,
app.utils.ui_theme,imported_ok,
app.utils.validation,imported_ok,
