path,status,error
Sprint26/app/__init__.py,compiled_ok,
Sprint26/app/routers/runtime.py,compiled_ok,
Sprint26/app/routers/graphs.py,compiled_ok,
Sprint26/app/routers/ui.py,compiled_ok,
Sprint26/app/routers/auth.py,compiled_ok,
Sprint26/app/routers/admin.py,compiled_ok,
Sprint26/app/routers/workspaces.py,compiled_ok,
Sprint26/app/routers/frontend.py,compiled_ok,
Sprint26/app/models/graph.py,compiled_ok,
Sprint26/app/models/__init__.py,compiled_ok,
Sprint26/app/repos/graphs_db.py,compiled_ok,
Sprint26/app/repos/__init__.py,compiled_ok,
Sprint26/app/ui/copy.py,compiled_ok,
Sprint26/app/routes/graphs_export.py,compiled_ok,
Sprint26/app/routes/workspaces.py,compiled_ok,
Sprint26/app/routes/turbo_quality.py,compiled_ok,
Sprint26/app/routes/providers.py,compiled_ok,
Sprint26/app/routes/__init__.py,compiled_ok,
Sprint26/app/routes/bench.py,compiled_ok,
Sprint26/app/routes/learning.py,compiled_ok,
Sprint26/app/routes/telemetry.py,compiled_ok,
Sprint26/app/routes/provider_health.py,compiled_ok,
Sprint26/app/routes/analytics.py,compiled_ok,
Sprint26/app/routes/analytics_dash.py,compiled_ok,
Sprint26/app/routes/auth.py,compiled_ok,
Sprint26/app/routes/dashboard.py,compiled_ok,
Sprint26/app/routes/graph_tooltips.py,compiled_ok,
Sprint26/app/routes/ui_theme.py,compiled_ok,
Sprint26/app/routes/i18n.py,compiled_ok,
Sprint26/app/routes/a11y_overlay.py,compiled_ok,
Sprint26/app/routes/errors.py,compiled_ok,
Sprint26/app/routes/scim.py,compiled_ok,
Sprint26/app/routes/sso.py,compiled_ok,
Sprint26/app/routes/pii_crypto.py,compiled_ok,
Sprint26/app/routes/db_crypto.py,compiled_ok,
Sprint26/app/routes/dr.py,compiled_ok,
Sprint26/app/routes/metrics.py,compiled_ok,
Sprint26/app/routes/log_test.py,compiled_ok,
Sprint26/app/routes/factories_test.py,compiled_ok,
Sprint26/app/routes/soak.py,compiled_ok,
Sprint26/app/routes/slo.py,compiled_ok,
Sprint26/app/routes/probe.py,compiled_ok,
Sprint26/app/routes/health.py,compiled_ok,
Sprint26/app/utils/graph_export.py,compiled_ok,
Sprint26/app/utils/turbo_quality.py,compiled_ok,
Sprint26/app/utils/__init__.py,compiled_ok,
Sprint26/app/utils/telemetry_export.py,compiled_ok,
Sprint26/app/utils/bench.py,compiled_ok,
Sprint26/app/utils/learning.py,compiled_ok,
Sprint26/app/utils/validation.py,compiled_ok,
Sprint26/app/utils/perf.py,compiled_ok,
Sprint26/app/utils/provider_health.py,compiled_ok,
Sprint26/app/utils/analytics.py,compiled_ok,
Sprint26/app/utils/providers.py,compiled_ok,
Sprint26/app/utils/analytics_dash.py,compiled_ok,
Sprint26/app/utils/auth_validation.py,compiled_ok,
Sprint26/app/utils/ui_dashboard.py,compiled_ok,
Sprint26/app/utils/graph_tooltips.py,compiled_ok,
Sprint26/app/utils/ui_theme.py,compiled_ok,
Sprint26/app/utils/i18n.py,compiled_ok,
Sprint26/app/utils/a11y_overlay.py,compiled_ok,
Sprint26/app/utils/ui_errors.py,compiled_ok,
Sprint26/app/utils/scim.py,compiled_ok,
Sprint26/app/utils/sso.py,compiled_ok,
Sprint26/app/utils/pii_crypto.py,compiled_ok,
Sprint26/app/utils/db_crypto.py,compiled_ok,
Sprint26/app/utils/dr_backup.py,compiled_ok,
Sprint26/app/utils/metrics.py,compiled_ok,
Sprint26/app/utils/logging.py,compiled_ok,
Sprint26/app/utils/factories.py,compiled_ok,
Sprint26/app/utils/soak.py,compiled_ok,
Sprint26/app/utils/slo.py,compiled_ok,
Sprint26/app/utils/probe.py,compiled_ok,
Sprint26/app/utils/flaky.py,compiled_ok,
Sprint26/app/services/__init__.py,compiled_ok,
Sprint26/app/services/providers/base.py,compiled_ok,
Sprint26/app/services/providers/registry.py,compiled_ok,
Sprint26/app/services/providers/echo.py,compiled_ok,
Sprint26/app/services/providers/config.py,compiled_ok,
Sprint26/app/services/providers/__init__.py,compiled_ok,
Sprint26/app/services/payments/stripe_live.py,compiled_ok,
Sprint26/app/services/payments/__init__.py,compiled_ok,
Sprint26/app/services/referrals/engine.py,compiled_ok,
Sprint26/app/services/referrals/__init__.py,compiled_ok,
Sprint26/app/middleware/security.py,compiled_ok,
Sprint26/app/middleware/__init__.py,compiled_ok,
Sprint26/app/templates/__init__.py,compiled_ok,
Sprint26/app/templates/errors/__init__.py,compiled_ok,
Sprint26/app/config/feature_flags.py,compiled_ok,
Sprint26/app/config/__init__.py,compiled_ok,
Sprint26/app/i18n/__init__.py,compiled_ok,
Sprint26/tests/__init__.py,compiled_ok,
Sprint26/tests/smoke/test_endpoints.py,compiled_ok,
Sprint26/tests/flaky/test_flaky.py,compiled_ok,
Sprint26/docker/gunicorn.conf.py,compiled_ok,
