relative_path,size_bytes_S22_1,sha256_S22_1,size_bytes_S22_9,sha256_S22_9,status
A11Y_CHECKLIST_S20.md,2650.0,bb4179cb30bc6dd51a68415d4b8b764aac1dfc4f8f3a0fd932df4af462c0a024,2650,bb4179cb30bc6dd51a68415d4b8b764aac1dfc4f8f3a0fd932df4af462c0a024,UNCHANGED
A11Y_README.md,2024.0,ec21bfeb8a667b967c8b239f5e2bbadebb40bc78204c3e545e3f0f2598baec85,2024,ec21bfeb8a667b967c8b239f5e2bbadebb40bc78204c3e545e3f0f2598baec85,UNCHANGED
BRAND_README.md,1090.0,d1c61893abb933771d89f3dad82f26f0344ea9022091b3d4507817d86edd977a,1090,d1c61893abb933771d89f3dad82f26f0344ea9022091b3d4507817d86edd977a,UNCHANGED
CHANGELOG_S19.md,704.0,5a55a4c720a291cb58d8e23a7038d9bfe9e939a5a3e1e54a077159aea4bb45af,704,5a55a4c720a291cb58d8e23a7038d9bfe9e939a5a3e1e54a077159aea4bb45af,UNCHANGED
CHANGELOG_S20.md,2078.0,993d3d526e157f4c16fe992721ce7ec28cb292febdd3ec8c8cab9deec66bc7d3,2078,993d3d526e157f4c16fe992721ce7ec28cb292febdd3ec8c8cab9deec66bc7d3,UNCHANGED
VERSION.txt,7.0,d3fd1e219ed1686af10899e067ebf3344c1d6e54297e9f9339601d041f4f9733,7,1964dec1052a959a7e35dda0a766f5fe88d96346dcf4bb6929dc47a288f07e63,CHANGED
app/__init__.py,61.0,e101aef8348f9cfe3de84a07371305a87e7c3fddde50b797a147aee4945354fe,61,e101aef8348f9cfe3de84a07371305a87e7c3fddde50b797a147aee4945354fe,UNCHANGED
app/middleware/__init__.py,,,29,a9048f4cc6573e671dcc3fd47e15b91fe92b8ceaa3b593f02d73ab4e4d2c5164,ADDED
app/middleware/security.py,,,1058,9c8fc43ad43e0c1f34815ad2984d5eaa117313a1886f49244d2dc1b6eb1ea05a,ADDED
app/models/__init__.py,103.0,13765ea462c2a54ed2536e2f15ebd19cb5a3ae3ba9e7073d200f1c8496ab70a0,103,13765ea462c2a54ed2536e2f15ebd19cb5a3ae3ba9e7073d200f1c8496ab70a0,UNCHANGED
app/models/graph.py,607.0,d28e4b0cdb7eb611a11a6fb9a0fe313de71fabfc9d0d11c60e482a4231997c01,607,d28e4b0cdb7eb611a11a6fb9a0fe313de71fabfc9d0d11c60e482a4231997c01,UNCHANGED
app/repos/__init__.py,230.0,16d20762b92b1a0b19487f0b572f47cac29541f3179f5c1b5e1c30cf752e2001,230,16d20762b92b1a0b19487f0b572f47cac29541f3179f5c1b5e1c30cf752e2001,UNCHANGED
app/repos/graphs_db.py,1005.0,22de18e04cc506b6a8767ade38a1a9d4c7de4a88f843fb255c59269f62040c90,1005,22de18e04cc506b6a8767ade38a1a9d4c7de4a88f843fb255c59269f62040c90,UNCHANGED
app/routers/admin.py,5998.0,acdd3891deab3c70891ca1f77522507b3fe8a4df7feecf17ab82e4528ee7922d,5998,acdd3891deab3c70891ca1f77522507b3fe8a4df7feecf17ab82e4528ee7922d,UNCHANGED
app/routers/auth.py,27671.0,b34863e49f5a4f0d500378292a07ea0bee616b79abb2989f91a42c75b94d910d,27671,b34863e49f5a4f0d500378292a07ea0bee616b79abb2989f91a42c75b94d910d,UNCHANGED
app/routers/frontend.py,9438.0,9ada6eca50c28101ffb74f3001d39a735761324132385d48d560edfc22966630,9438,9ada6eca50c28101ffb74f3001d39a735761324132385d48d560edfc22966630,UNCHANGED
app/routers/graphs.py,12581.0,e58e937a3574f3c7eee057f85419f6dc277759f2c89a68b05e02e0b4c1c61b20,12581,e58e937a3574f3c7eee057f85419f6dc277759f2c89a68b05e02e0b4c1c61b20,UNCHANGED
app/routers/runtime.py,15806.0,013414f790a0d93894180a5ad0500bf4014ce032e4e9643c7a5911242143d568,15806,013414f790a0d93894180a5ad0500bf4014ce032e4e9643c7a5911242143d568,UNCHANGED
app/routers/ui.py,2413.0,418288964d219caca3135bc1c7300a11d05d6d92a48a6ee262455e4bf02ea623,2413,418288964d219caca3135bc1c7300a11d05d6d92a48a6ee262455e4bf02ea623,UNCHANGED
app/routers/workspaces.py,15029.0,dca432724c03cba7f66bbb1f3e653e5d714239c151f60bbef731f44bd6fed634,15029,dca432724c03cba7f66bbb1f3e653e5d714239c151f60bbef731f44bd6fed634,UNCHANGED
app/routes/__init__.py,61.0,e101aef8348f9cfe3de84a07371305a87e7c3fddde50b797a147aee4945354fe,61,e101aef8348f9cfe3de84a07371305a87e7c3fddde50b797a147aee4945354fe,UNCHANGED
app/routes/analytics.py,,,603,033b68ecf1f708d891299e472b0ca7648420b680e8e343f30e95970c805b9e31,ADDED
app/routes/bench.py,430.0,24fd191081d34cbf925dfff0352f669901a584eb0cd468727645cf2de96df93d,693,5fb1e6dd45f43e5e771ea33ad4b80c63367117b25107f7bd6d744f16c217803e,CHANGED
app/routes/graphs_export.py,1250.0,791acfb20ee2b04d465162255554fbb729bba491e6d3907818f43aca4877f734,1250,791acfb20ee2b04d465162255554fbb729bba491e6d3907818f43aca4877f734,UNCHANGED
app/routes/learning.py,760.0,2ffc180108f2fa9e89202666a3e7804ee1efdbdb865100a1bb530429c231ff44,921,ba309982d4cca048c181653a9e2819870ce95fe35808bb544fdd89949d7bdf52,CHANGED
app/routes/provider_health.py,,,533,f2630d2fbb201336c445658ca22370d4974c2bf452710739ed837958f588018e,ADDED
app/routes/providers.py,844.0,f7aca58a7ed46622c66586038dd43ee8ecd75b3dfcea467e371c7d7397684f30,844,f7aca58a7ed46622c66586038dd43ee8ecd75b3dfcea467e371c7d7397684f30,UNCHANGED
app/routes/telemetry.py,,,619,1db40621f40702302b036595323c7dc433de84ce67bcfe3db79f8e028b20e36b,ADDED
app/routes/turbo_quality.py,851.0,580b67c964f0e3b9f766a0703e4d1a51be79d92fd4e41da7e3cd10a0f078a738,851,580b67c964f0e3b9f766a0703e4d1a51be79d92fd4e41da7e3cd10a0f078a738,UNCHANGED
app/routes/workspaces.py,745.0,0f9184f133327df0f2de19b82bc9835c423004ac16ac968a4d0bd5e9cb55bbea,745,0f9184f133327df0f2de19b82bc9835c423004ac16ac968a4d0bd5e9cb55bbea,UNCHANGED
app/services/__init__.py,61.0,e101aef8348f9cfe3de84a07371305a87e7c3fddde50b797a147aee4945354fe,61,e101aef8348f9cfe3de84a07371305a87e7c3fddde50b797a147aee4945354fe,UNCHANGED
app/services/providers/__init__.py,61.0,e101aef8348f9cfe3de84a07371305a87e7c3fddde50b797a147aee4945354fe,61,e101aef8348f9cfe3de84a07371305a87e7c3fddde50b797a147aee4945354fe,UNCHANGED
app/services/providers/base.py,553.0,bd5e27b2b6b18a88d78280a4b7d29b051d6a9c2da98698556c97f33f72def7a6,553,bd5e27b2b6b18a88d78280a4b7d29b051d6a9c2da98698556c97f33f72def7a6,UNCHANGED
app/services/providers/config.py,530.0,0120023088175cc403546bc553b1c86418cf8f7f3b3b8f08f45395741cc1804e,530,0120023088175cc403546bc553b1c86418cf8f7f3b3b8f08f45395741cc1804e,UNCHANGED
app/services/providers/echo.py,589.0,adb18cd7fc0d7c89785bea87e9fc82adee2fd6d9c2b683a7464a0e5a3c655e9f,589,adb18cd7fc0d7c89785bea87e9fc82adee2fd6d9c2b683a7464a0e5a3c655e9f,UNCHANGED
app/services/providers/registry.py,704.0,ce49305efec7717a3ddb8795638bc45c943cc9b5d6afb85e2c7ca14d57c8f0be,704,ce49305efec7717a3ddb8795638bc45c943cc9b5d6afb85e2c7ca14d57c8f0be,UNCHANGED
app/static/a11y.js,4953.0,b1ad80cb0bf2bec1f227209350e06f07fc34be3d2ff83e8c5efe8e9b5075e607,4953,b1ad80cb0bf2bec1f227209350e06f07fc34be3d2ff83e8c5efe8e9b5075e607,UNCHANGED
app/static/admin.html,1726.0,2ccd347491d56c87f359147c2d0186a3500a77c24f6fe73d0596b0d116590c8d,1726,2ccd347491d56c87f359147c2d0186a3500a77c24f6fe73d0596b0d116590c8d,UNCHANGED
app/static/dashboard.html,1578.0,ba80413a1ee2529424fc8b389dd0cc8cb6fcf97087354f33ca869352845ca7ad,1578,ba80413a1ee2529424fc8b389dd0cc8cb6fcf97087354f33ca869352845ca7ad,UNCHANGED
app/static/editor.html,2466.0,7ad2eff5af6d1c9fad3dd62199076a9e41fe41c1d24abbdd656375848a8a5d5b,2466,7ad2eff5af6d1c9fad3dd62199076a9e41fe41c1d24abbdd656375848a8a5d5b,UNCHANGED
app/static/execute.html,1193.0,9b436e1e6c06e78da3b0a2d3b4a11403ba4e125e9bd8531b98557aa88b6c0256,1193,9b436e1e6c06e78da3b0a2d3b4a11403ba4e125e9bd8531b98557aa88b6c0256,UNCHANGED
app/static/icons/status-fail.svg,207.0,877c72f2736981de8790983394230f7567ff2e59c212ed8cfd2ba91f1914b0cd,207,877c72f2736981de8790983394230f7567ff2e59c212ed8cfd2ba91f1914b0cd,UNCHANGED
app/static/icons/status-info.svg,243.0,38a50992a54976256ff67710f843bc3693dde72777399f9bd659d6672cf45f93,243,38a50992a54976256ff67710f843bc3693dde72777399f9bd659d6672cf45f93,UNCHANGED
app/static/icons/status-pass.svg,421.0,ff8a8fa3234127e49aafcb117dd5b19d33d40346e6b09223eb07684fae1cb427,421,ff8a8fa3234127e49aafcb117dd5b19d33d40346e6b09223eb07684fae1cb427,UNCHANGED
app/static/icons/status-warn.svg,249.0,a3bad381caca07bb0f21c9510a68cce75d32e55c9c9f1c82031dc388bb03770c,249,a3bad381caca07bb0f21c9510a68cce75d32e55c9c9f1c82031dc388bb03770c,UNCHANGED
app/static/index.html,954.0,0a6515fe7c7b5211e50f8d2be986ea22aa9f6bada9c4f8bfd7b00767cc8a887e,954,0a6515fe7c7b5211e50f8d2be986ea22aa9f6bada9c4f8bfd7b00767cc8a887e,UNCHANGED
app/static/inspect.html,953.0,c787e9a6f51487711e13c09c73025af7772f8a419a887a051c0e4463a543124c,953,c787e9a6f51487711e13c09c73025af7772f8a419a887a051c0e4463a543124c,UNCHANGED
app/static/io.html,2201.0,6721c190c66807096b26ca7649972f1cc9994538a78fdcb5e71f66c13e638093,2201,6721c190c66807096b26ca7649972f1cc9994538a78fdcb5e71f66c13e638093,UNCHANGED
app/static/login.html,3349.0,2050c3df1256be69f42b46063ddebbf803a7558b7544044e0ca07cc4eae91dc0,3349,2050c3df1256be69f42b46063ddebbf803a7558b7544044e0ca07cc4eae91dc0,UNCHANGED
app/static/nav.js,5423.0,97f8d59bb5998f67ba1ae8883759d57e85005a29e8c683b896b2eae428a49862,5423,97f8d59bb5998f67ba1ae8883759d57e85005a29e8c683b896b2eae428a49862,UNCHANGED
app/static/onboarding.html,770.0,e710aba5b93a6b2f7ccb99eb0e2d96fd70d577fc32fa12dc7ff7fda6a48b13cb,770,e710aba5b93a6b2f7ccb99eb0e2d96fd70d577fc32fa12dc7ff7fda6a48b13cb,UNCHANGED
app/static/search.html,1057.0,6596fa9e60f82d6352f2c74f08917eb7b2b29db7d8d4bcb8b1690f6261729cad,1057,6596fa9e60f82d6352f2c74f08917eb7b2b29db7d8d4bcb8b1690f6261729cad,UNCHANGED
app/static/session.html,1243.0,69a46e92923c342e71f5f545bc7881bcaf01b497c677dff8ac80a67f6938fa00,1243,69a46e92923c342e71f5f545bc7881bcaf01b497c677dff8ac80a67f6938fa00,UNCHANGED
app/static/style.css,25072.0,6701e6378de0309f30216377ccef42e80f5b402e370c2f360f6bb52883fe589a,25072,6701e6378de0309f30216377ccef42e80f5b402e370c2f360f6bb52883fe589a,UNCHANGED
app/static/theme.css,811.0,2215fee86f47040dd59a7f25397a20d1c6a4ea50e48f8131864ff436c31928c5,811,2215fee86f47040dd59a7f25397a20d1c6a4ea50e48f8131864ff436c31928c5,UNCHANGED
app/static/viewer.html,1343.0,6e38b7259668baa36d138ead66869d9b139a8a8f1625d0cd09773e6e3fa28264,1343,6e38b7259668baa36d138ead66869d9b139a8a8f1625d0cd09773e6e3fa28264,UNCHANGED
app/static/workspaces.html,1545.0,0cbe0f1881825022c90c60d160a5f166538b183599dcad4f30b0e8a3de2509ad,1545,0cbe0f1881825022c90c60d160a5f166538b183599dcad4f30b0e8a3de2509ad,UNCHANGED
app/ui/copy.py,1111.0,b5d4147764874e42c7b661d7a108b6a46d71a7bc5da49d0945ca62f0bc3425ca,1111,b5d4147764874e42c7b661d7a108b6a46d71a7bc5da49d0945ca62f0bc3425ca,UNCHANGED
app/utils/__init__.py,61.0,e101aef8348f9cfe3de84a07371305a87e7c3fddde50b797a147aee4945354fe,61,e101aef8348f9cfe3de84a07371305a87e7c3fddde50b797a147aee4945354fe,UNCHANGED
app/utils/analytics.py,,,1446,36ffd611e39628b64d60b1a6ec8b052b5f9a79f685cc5c21e5ff81f022026984,ADDED
app/utils/bench.py,1142.0,00a7d53083e702f026a227eeb04f097206453153022ad08408dbb149337f02a5,1591,b89d08971672796c9640ee5a20cd5a353355ffdfbba54a7cb8d7700f992fbbae,CHANGED
app/utils/graph_export.py,2800.0,e7ad4b1fe61fda47b89ea67af0f6727b20b131dd411a7952774dd921bd5ed149,3263,41c42abd9a4c13d853c40ef492c13abcc0e641d0b1091bdfee0c8a19fd2b9235,CHANGED
app/utils/learning.py,1105.0,ccc7bc7d9fd0c69070ad25eaa6daa92587374a8679c29fcf9ad90219897ad3ca,1685,b19d48a7a80f5fd8d2df61265ed41c5ac73ba923435a2cca6364a5f17f60306f,CHANGED
app/utils/perf.py,,,828,d925148aae6818f963e3f18d2613fce52879453b0488dd162c7bf74f6f89be78,ADDED
app/utils/provider_health.py,,,396,b6c7e0717e0b95bc8a7a817550173fc3a0052917273cd268c5031a8d9d8ff21b,ADDED
app/utils/telemetry_export.py,725.0,6c1556cd7c6f4970c6e30f498e6e6287f4fabab83ced1a569a093465e3a6be28,1290,6727c36a79f749cca8dec7b32213b434395e682e56bc1a8a9044392ddd215dc5,CHANGED
app/utils/turbo_quality.py,1969.0,4822026ba5158821b94ed3709a76de40a27961bf905f7ca99fa55cc4fdecb7f9,1969,4822026ba5158821b94ed3709a76de40a27961bf905f7ca99fa55cc4fdecb7f9,UNCHANGED
app/utils/validation.py,,,284,519e35ad8735cd3b52ed7ded1bd8e92d3181f107ed56f5bbd54d27fe4e7e289f,ADDED
audit/S20.16_critical_hashes.csv,199.0,6a5a5a01b3fa173e59871e17af87409c5e2251855fac9a01a679345b36362178,199,6a5a5a01b3fa173e59871e17af87409c5e2251855fac9a01a679345b36362178,UNCHANGED
audit/S20.16_delta_summary.json,57.0,9d0f039cb9064cd8b5404eb35433ce2a2d526eac1fecb0d71e48be8749c4e27b,57,9d0f039cb9064cd8b5404eb35433ce2a2d526eac1fecb0d71e48be8749c4e27b,UNCHANGED
audit/S20.16_manifest_after.csv,4139.0,322484512c1b826f2884165dde6703a705bb69733f2588ee6158cdaab2395bee,4139,322484512c1b826f2884165dde6703a705bb69733f2588ee6158cdaab2395bee,UNCHANGED
audit/S20.16_manifest_baseline.csv,4047.0,c61fc185b7dd1ea95920e1b7771239b18b65f1bdec47dd194025e5753ec2f873,4047,c61fc185b7dd1ea95920e1b7771239b18b65f1bdec47dd194025e5753ec2f873,UNCHANGED
audit/S20.16_manifest_diff.csv,7699.0,eadd0e397f2c7244795f5fa8bbc67b80aad05aa4ed5293b278973b6b3b845825,7699,eadd0e397f2c7244795f5fa8bbc67b80aad05aa4ed5293b278973b6b3b845825,UNCHANGED
audit/S20.16_stub_sweep.csv,1.0,01ba4719c80b6fe911b091a7c05124b64eeece964e09c058ef8f9805daca546b,1,01ba4719c80b6fe911b091a7c05124b64eeece964e09c058ef8f9805daca546b,UNCHANGED
audit/S20.16_wcag_matrix.csv,2142.0,5ade9607f539f7ac2086ed48fb6eceea1fe735500b680edc76684486ab6743ef,2142,5ade9607f539f7ac2086ed48fb6eceea1fe735500b680edc76684486ab6743ef,UNCHANGED
docs/Checklist_21.md,684.0,6e29523bb4dbca0025c35b14f4412fdd9d5141d7dd407d4335d6e0985892025a,684,6e29523bb4dbca0025c35b14f4412fdd9d5141d7dd407d4335d6e0985892025a,UNCHANGED
docs/Sprint21_LOG.md,1922.0,e0bf00160d5dc67676a5c815a95ff0685e25aa2accc026470b7bbea5b70ece4a,1922,e0bf00160d5dc67676a5c815a95ff0685e25aa2accc026470b7bbea5b70ece4a,UNCHANGED
docs/Sprint22_LOG.md,275.0,9aa96586473709d0cccd7590b5a1f71cd0c4fd5f9569fe554ffb3946cf8da300,1744,0f2ee1309a1f908ed14e9d52bff5e14638fd41e2238c17b17c815097ae7f1586,CHANGED
qc/S21.10_QC_v2.md,521.0,15db9ef979c8dc2649cb7e94b40fc2c8810f281b459d863960171083bc33489b,521,15db9ef979c8dc2649cb7e94b40fc2c8810f281b459d863960171083bc33489b,UNCHANGED
qc/S21.10_pack/S21.10_critical_hashes.csv,864.0,cc2b832e4a241776e5ccb114c8e6f8f43d1f91e9220c1519bc9928185f6a1437,864,cc2b832e4a241776e5ccb114c8e6f8f43d1f91e9220c1519bc9928185f6a1437,UNCHANGED
qc/S21.10_pack/S21.10_delta_summary.json,272.0,64543bc04830a913873d35c2d21d3b35df22180b53f9b63bb7c21416242ec228,272,64543bc04830a913873d35c2d21d3b35df22180b53f9b63bb7c21416242ec228,UNCHANGED
qc/S21.10_pack/S21.10_diff_vs_S21.6.csv,18421.0,2a852377ddca444e8373085e5d227f480fcd449ef0cb2ce0bf68893e05ab2520,18421,2a852377ddca444e8373085e5d227f480fcd449ef0cb2ce0bf68893e05ab2520,UNCHANGED
qc/S21.10_pack/S21.10_full_manifest.csv,10445.0,34b14f8e44d062b5893c3bc4557d57a99d3deaff05a0aa08dafe76b9d25bd75f,10445,34b14f8e44d062b5893c3bc4557d57a99d3deaff05a0aa08dafe76b9d25bd75f,UNCHANGED
qc/S21.10_pack/S21.10_stub_sweep.csv,142.0,b2bf63a775deebff46c072a60401513f41159c11807badd63554de1e2d075160,142,b2bf63a775deebff46c072a60401513f41159c11807badd63554de1e2d075160,UNCHANGED
qc/S21.1_QC_v2.md,556.0,c1d9d571478679b7de4e464ae0686e728a0ac9ab6cecb6f917b60d6211b41029,556,c1d9d571478679b7de4e464ae0686e728a0ac9ab6cecb6f917b60d6211b41029,UNCHANGED
qc/S21.1_manifest.csv,383.0,48a8aed43a71bea02d9b84efd7420595f30f57c0918c45d8780fa9e7080692d9,383,48a8aed43a71bea02d9b84efd7420595f30f57c0918c45d8780fa9e7080692d9,UNCHANGED
qc/S21.2_QC_v2.md,368.0,48645ac5e7d4ff1db45e5413efd072d10df207b13b658d1b118a22b14873ea87,368,48645ac5e7d4ff1db45e5413efd072d10df207b13b658d1b118a22b14873ea87,UNCHANGED
qc/S21.2_critical_hashes.csv,394.0,c8e91b5e70608beabe1a5ddef79dcfea68254e9ff5b1124bfdaf2c8ce1f017c0,394,c8e91b5e70608beabe1a5ddef79dcfea68254e9ff5b1124bfdaf2c8ce1f017c0,UNCHANGED
qc/S21.2_delta_summary.json,117.0,080d6519ef9b0f54ef8c477983fb571cb3646088d041e9b1d91f72f60b863425,117,080d6519ef9b0f54ef8c477983fb571cb3646088d041e9b1d91f72f60b863425,UNCHANGED
qc/S21.2_manifest.csv,320.0,4b2085070c4aa9c5f838f418eb467e94c8173b3c0ca096b01bbd3deab246a30f,320,4b2085070c4aa9c5f838f418eb467e94c8173b3c0ca096b01bbd3deab246a30f,UNCHANGED
qc/S21.2_manifest_after.csv,5925.0,267c1e6ef91245c7776284391c65c0436094cf326808fab5d997dd36d6a3908c,5925,267c1e6ef91245c7776284391c65c0436094cf326808fab5d997dd36d6a3908c,UNCHANGED
qc/S21.2_manifest_baseline.csv,4774.0,5e09efb1e71899077f93fb161eb6ef0347d0482f586191952ca12889d102edf2,4774,5e09efb1e71899077f93fb161eb6ef0347d0482f586191952ca12889d102edf2,UNCHANGED
qc/S21.2_manifest_diff.csv,10231.0,c1680da32ce29715212686837d32db0a74509c1f8e7c427d8acdb8c4cade13a3,10231,c1680da32ce29715212686837d32db0a74509c1f8e7c427d8acdb8c4cade13a3,UNCHANGED
qc/S21.2a_QC_v2.md,478.0,40ba8d7c097938ba8cc0f14448e3cc239808600e0f8df20d7781691b9ce3863f,478,40ba8d7c097938ba8cc0f14448e3cc239808600e0f8df20d7781691b9ce3863f,UNCHANGED
qc/S21.2a_critical_hashes.csv,394.0,c8e91b5e70608beabe1a5ddef79dcfea68254e9ff5b1124bfdaf2c8ce1f017c0,394,c8e91b5e70608beabe1a5ddef79dcfea68254e9ff5b1124bfdaf2c8ce1f017c0,UNCHANGED
qc/S21.2a_delta_summary.json,151.0,e4204f72b1e1658a42edb4f96ce90ac432c755f8346db861f97db4b8b35c4c2a,151,e4204f72b1e1658a42edb4f96ce90ac432c755f8346db861f97db4b8b35c4c2a,UNCHANGED
qc/S21.2a_manifest_after.csv,5342.0,084b1f7416a54029abba0b3c95852b6d8532d92775abc6a5d0a359f1df9fad45,5342,084b1f7416a54029abba0b3c95852b6d8532d92775abc6a5d0a359f1df9fad45,UNCHANGED
qc/S21.2a_manifest_baseline.csv,5146.0,c5db0490fec939bf638ff1bec76e1dfdf1028780fd5f879f411582a5519bbb5c,5146,c5db0490fec939bf638ff1bec76e1dfdf1028780fd5f879f411582a5519bbb5c,UNCHANGED
qc/S21.2a_manifest_diff.csv,9894.0,25170fa87b9af2708b321d5bfa251e89823b2c78938e76e6707ce96a1038fc45,9894,25170fa87b9af2708b321d5bfa251e89823b2c78938e76e6707ce96a1038fc45,UNCHANGED
qc/S21.3_QC_v2.md,408.0,5fd7af8872634a00104db9de2bc7267330e1fc7826038dbd018798602b375633,408,5fd7af8872634a00104db9de2bc7267330e1fc7826038dbd018798602b375633,UNCHANGED
qc/S21.3_critical_hashes.csv,491.0,bc53e56befee4329a15617fea8dc4822823050247e9e91d11cee4392badfec47,491,bc53e56befee4329a15617fea8dc4822823050247e9e91d11cee4392badfec47,UNCHANGED
qc/S21.3_manifest.csv,320.0,571eb1e747ebe40d14d5c7a6dcd5b55f28fbccada5291602bbc568569cf27ed2,320,571eb1e747ebe40d14d5c7a6dcd5b55f28fbccada5291602bbc568569cf27ed2,UNCHANGED
qc/S21.4_QC_v2.md,435.0,1cc88d51587ccbbd65bd44036a1ec6945b0f063d4b5b95d7734e4060d6294e5a,435,1cc88d51587ccbbd65bd44036a1ec6945b0f063d4b5b95d7734e4060d6294e5a,UNCHANGED
qc/S21.4_critical_hashes.csv,491.0,bc53e56befee4329a15617fea8dc4822823050247e9e91d11cee4392badfec47,491,bc53e56befee4329a15617fea8dc4822823050247e9e91d11cee4392badfec47,UNCHANGED
qc/S21.4_manifest.csv,629.0,0bb863b55762220cdc761751618750b73c7c737ef69082939571b0ff48ea1e05,629,0bb863b55762220cdc761751618750b73c7c737ef69082939571b0ff48ea1e05,UNCHANGED
qc/S21.5_QC_v2.md,443.0,92aff5bce084b5ef03d8b60527849821d81407750e981a5afff28f622aaee486,443,92aff5bce084b5ef03d8b60527849821d81407750e981a5afff28f622aaee486,UNCHANGED
qc/S21.5_consistency_scan.csv,103.0,a16c613388454baa8ba036295fe7150474d993ae7224e97f2a645e9ebd5200e7,103,a16c613388454baa8ba036295fe7150474d993ae7224e97f2a645e9ebd5200e7,UNCHANGED
qc/S21.5_critical_hashes.csv,583.0,e814797f5c5c04e0ac3bd4d379e93dd21955ec07c21b9a0618a7e8f45e8dc8c5,583,e814797f5c5c04e0ac3bd4d379e93dd21955ec07c21b9a0618a7e8f45e8dc8c5,UNCHANGED
qc/S21.5_manifest.csv,591.0,9dd61ee86ae966ab81f95dc6a64f08153d8b75291a85a3a0754ef3e7afed76d1,591,9dd61ee86ae966ab81f95dc6a64f08153d8b75291a85a3a0754ef3e7afed76d1,UNCHANGED
qc/S21.7_QC_v2.md,469.0,260d0df8a8dc7d99a56c9a6dc185a921e2935ded501555ac089c57bca9b09909,469,260d0df8a8dc7d99a56c9a6dc185a921e2935ded501555ac089c57bca9b09909,UNCHANGED
qc/S21.7_critical_hashes.csv,683.0,f0d8af277bb1a93e99fcc2b362dc84833acb1654481656b7b942ce40398727a6,683,f0d8af277bb1a93e99fcc2b362dc84833acb1654481656b7b942ce40398727a6,UNCHANGED
qc/S21.7_manifest.csv,225.0,2d19fad27c80ca4350449d7c342daec2270e827f114f8bac0953ec5ab6f3fb15,225,2d19fad27c80ca4350449d7c342daec2270e827f114f8bac0953ec5ab6f3fb15,UNCHANGED
qc/S21.8_QC_v2.md,526.0,5ecb85da48f8b717bf321db7810419522d3d8e68740d45585e43861eab87ec61,526,5ecb85da48f8b717bf321db7810419522d3d8e68740d45585e43861eab87ec61,UNCHANGED
qc/S21.8_critical_hashes.csv,772.0,16d309f16e158287d8b8894ae2831adcf1fe30a9db2a43287fabb61f37184479,772,16d309f16e158287d8b8894ae2831adcf1fe30a9db2a43287fabb61f37184479,UNCHANGED
qc/S21.8_manifest.csv,305.0,87b3901a18ba43501e9a2ded346aeed6d891ca0fd79c9cc6ef893c772ca9a0d6,305,87b3901a18ba43501e9a2ded346aeed6d891ca0fd79c9cc6ef893c772ca9a0d6,UNCHANGED
qc/S21.9_QC_v2.md,529.0,227899e21272b085f3d32a46c01f805a3482fc2e5a5395f834fa05b01f634482,529,227899e21272b085f3d32a46c01f805a3482fc2e5a5395f834fa05b01f634482,UNCHANGED
qc/S21.9_critical_hashes.csv,864.0,cc2b832e4a241776e5ccb114c8e6f8f43d1f91e9220c1519bc9928185f6a1437,864,cc2b832e4a241776e5ccb114c8e6f8f43d1f91e9220c1519bc9928185f6a1437,UNCHANGED
qc/S21.9_manifest.csv,311.0,76fa4f1cdc05a4357f87522b542d0d38be99a2dcf9a4eda5278843369165d7fb,311,76fa4f1cdc05a4357f87522b542d0d38be99a2dcf9a4eda5278843369165d7fb,UNCHANGED
qc/S21_QC_SEED.md,480.0,8023288901819fa82bc50c0e5e1aaffd9db4c8a3609e2ccfee3eb1108c64a847,480,8023288901819fa82bc50c0e5e1aaffd9db4c8a3609e2ccfee3eb1108c64a847,UNCHANGED
qc/S22.1_QC_v2.md,471.0,a70bc14d56e3dfad703eb5cd40fb81c3efb39619b8a4721f1dffed7fad84ba92,471,a70bc14d56e3dfad703eb5cd40fb81c3efb39619b8a4721f1dffed7fad84ba92,UNCHANGED
qc/S22.1_critical_hashes.csv,864.0,cc2b832e4a241776e5ccb114c8e6f8f43d1f91e9220c1519bc9928185f6a1437,864,cc2b832e4a241776e5ccb114c8e6f8f43d1f91e9220c1519bc9928185f6a1437,UNCHANGED
qc/S22.1_manifest.csv,494.0,919275a1af66feb91c9d4e0390cb23d7d9724c331dee2566c7af779a8faf4fa7,494,919275a1af66feb91c9d4e0390cb23d7d9724c331dee2566c7af779a8faf4fa7,UNCHANGED
qc/S22.2_QC_v2.md,,,467,92ec969f290fc3e8da8b825c7dcc92860b727e8a06786062974609163dcfb2fe,ADDED
qc/S22.2_critical_hashes.csv,,,864,789c3106652e7b1cfddcfa5689e4c6e95b41491ace696c72068faeaf00babc7a,ADDED
qc/S22.2_manifest.csv,,,319,c5620ef14052964035a145fd6d28a872413ac8dcdade74fe2d8af90036a7c961,ADDED
qc/S22.3_QC_v2.md,,,489,9322c1b97ec519f92d148db0314efa285eed9973d20f31b8717b53493c986fc2,ADDED
qc/S22.3_critical_hashes.csv,,,1055,37238a07a8a5dff7c5082486416e7f72791183d3ab7d6267e59a948c05e18e25,ADDED
qc/S22.3_manifest.csv,,,316,4a167c01efa14c1a942eff11e726b998b903b1baf57ffd1be8ed961aaa18b8bc,ADDED
qc/S22.4_QC_v2.md,,,471,88c895d70774109bbe23c7e708060e02ab810bdb169ad431870c75b49269779b,ADDED
qc/S22.4_critical_hashes.csv,,,1046,211a608209386ebecc03110fde89e20732f3ade99ac1ad4da6bf4c23d2db10e1,ADDED
qc/S22.4_manifest.csv,,,410,9118d27f790445312595aa3506aaa7ff4bc7f2a7c9909377b4e876787a19324d,ADDED
qc/S22.5_QC_v2.md,,,465,ef36b50d2e5f4b3b1975a98927cca1ebe95ac66dc7cc79dca8160d300aec565f,ADDED
qc/S22.5_critical_hashes.csv,,,1145,d49ee4d029473707c5dbd9e9aa92346a79125c4b2330b7522fe8489074ad30e9,ADDED
qc/S22.5_manifest.csv,,,324,9f75b0ec32f6b15d731185ec6eeb00232d88d4a4597ca1f1609d52ba3f425a26,ADDED
qc/S22.6_QC_v2.md,,,498,87c626db5ca441e520b6a86502eeaaec9eec4da87c23ebc8d4ab146040a6d605,ADDED
qc/S22.6_critical_hashes.csv,,,1145,803e30a61fbeae634966e4fd30d333c7424a3ecc23f5ceb5fd13a8b3b009e8ac,ADDED
qc/S22.6_manifest.csv,,,311,b96d216afebb87a83ba6757484a1817627b0cb2954e687c9985617e29b4964ba,ADDED
qc/S22.7_QC_v2.md,,,495,15bb5eca66deb7e41126e5d4cbb1043c9d4b8bee923e43ab4565a8f0d0c842d9,ADDED
qc/S22.7_critical_hashes.csv,,,1145,ea2a91fe1e39ee8591a09fdceb8b9ff4bb5fc0397349e4f6c5a370678d41a257,ADDED
qc/S22.7_manifest.csv,,,305,a076539245aed9280f471fe7b5dc7e80da49011f9a179a0269015f7ff14141fe,ADDED
qc/S22.8_QC_v2.md,,,475,0413bc010f349011927c8542241d3518481195e2f3cad40e32dbac835a17429d,ADDED
qc/S22.8_critical_hashes.csv,,,2187,2a1a521792cf28515b1ceec59662ab8729a4de13576477b0bc787d93778c2c66,ADDED
qc/S22.8_manifest.csv,,,313,dad1af8539bc58116a9b3ace4d376d65605bb74bdc5fe39fac624395a7e2deb5,ADDED
qc/S22.9_QC_v2.md,,,499,7ab58c8808cdbd2a5e86cb8eefa260ccf2e349e5035f4bbb912c7ec6b84ac95b,ADDED
qc/S22.9_critical_hashes.csv,,,2381,dfdf1668f46e5147a0a6b82ed38f0df71688c43b5ab7185c75f27a395636bb4f,ADDED
qc/S22.9_manifest.csv,,,301,840f85ad1ebda1e9a41b0a08b6aeaf4497362cf96e881400c54ce12ecd8fff56,ADDED
wrap_artifacts/S21_QC_Report_v2.md,522.0,deb2a0d085f40d32b40ba0f7deee20efa97d5520ce026c54527dbb3a70e0d6c1,522,deb2a0d085f40d32b40ba0f7deee20efa97d5520ce026c54527dbb3a70e0d6c1,UNCHANGED
wrap_artifacts/S21_Wrap_Summary_v2.md,708.0,b2b651f00d1a531274fdd40af42310b5b06209527badf6e92ee855d596220893,708,b2b651f00d1a531274fdd40af42310b5b06209527badf6e92ee855d596220893,UNCHANGED
wrap_artifacts/S21_critical_hashes.csv,583.0,e814797f5c5c04e0ac3bd4d379e93dd21955ec07c21b9a0618a7e8f45e8dc8c5,583,e814797f5c5c04e0ac3bd4d379e93dd21955ec07c21b9a0618a7e8f45e8dc8c5,UNCHANGED
wrap_artifacts/S21_diff_vs_S21.1.csv,12910.0,523fd045a74d6e75bdf08968a299c683029f7fc5e9cc0a3d72483c065173378f,12910,523fd045a74d6e75bdf08968a299c683029f7fc5e9cc0a3d72483c065173378f,UNCHANGED
wrap_artifacts/S21_diff_vs_S21.4.csv,15038.0,ab5ce271d26645b10929c0220ff918ab14e33724ee0d6085740be3c6f2c91c50,15038,ab5ce271d26645b10929c0220ff918ab14e33724ee0d6085740be3c6f2c91c50,UNCHANGED
wrap_artifacts/S21_full_manifest.csv,8398.0,de8a5b3163ced56a481e34c763634cb358f42fb022fddeab3ac9825718144359,8398,de8a5b3163ced56a481e34c763634cb358f42fb022fddeab3ac9825718144359,UNCHANGED
wrap_artifacts/S21_import_consistency_scan.csv,159.0,49164b07f7729ded190a6476d42f760c1f44ac6c5d00625af0ef0e62c56713ba,159,49164b07f7729ded190a6476d42f760c1f44ac6c5d00625af0ef0e62c56713ba,UNCHANGED
