relative_path,size_bytes,sha256
app/__init__.py,61,e101aef8348f9cfe3de84a07371305a87e7c3fddde50b797a147aee4945354fe
app/routes/__init__.py,747,2fc9904092463fe60a78fa0234a97b2b008b182009477d09a66187adac0f2d95
app/utils/__init__.py,61,e101aef8348f9cfe3de84a07371305a87e7c3fddde50b797a147aee4945354fe
app/models/__init__.py,103,13765ea462c2a54ed2536e2f15ebd19cb5a3ae3ba9e7073d200f1c8496ab70a0
app/services/__init__.py,167,7bdae8a72f3bd709992c945798155888110c3e71d824f1a6698ec47e046e8336
app/services/payments/__init__.py,22,902ffe9490f904ca7247d73063881f82750c71d5e9bf11d2985dcc6d163709df
app/services/referrals/__init__.py,20,b93cb79319869852b439a6142f843ea1d98d9fec4fe3650d490e36fce2dc8047
app/config/__init__.py,17,c14ca3c1b7f819ee5d603746b36c1843f0f28eda5075589c079265705386f48a
app/i18n/__init__.py,15,eeb9cfd3f65b30bb873c6e55525b16ad0cf03f2c5124882f8f44669d5edf6ac4
VERSION.txt,7,becda3ce93ee582fb4ef9442ae3518602cda1488e496cb19f379cd21accb6417
setup.py,424,fcb6ab1f1f54f35f05de2efe4f3ea2c06c03cfa746f54f033443197f615a5e82
docker-compose.yml,914,ef41e7cf756e3cc26a222e61c5a892cd74ddf36bd4e419f08d3acc1ae5139b28
pyproject.toml,275,82974fbeea6eef4681e50a6967aee07a515e4d4ca733c0bd0a5bd423eda166a7
README.md,1159,26740fec8986c6ee923e9d7ca9d25bd607705ae8fea902b09a7b94a1f98e4061
docs/Sprint28_LOG.md,1514,f90cadec96d37f406abb9c76c30eb1cf13e5d2bf4f0d9117f82a7f3daf9d017e
