{
  "quality_weights": {
    "accuracy": 0.35,
    "completeness": 0.25,
    "adherence": 0.2,
    "speed": 0.1,
    "tone": 0.05,
    "formatting": 0.05
  },
  "quickfix": {
    "max_reruns": 2,
    "improve_prompts": {
      "accuracy": "Correct factual errors and cite sources if uncertain.",
      "completeness": "Cover all requested points with concise depth.",
      "adherence": "Stick strictly to the user\u2019s request; remove tangents.",
      "speed": "Be succinct while preserving substance.",
      "tone": "Match the user\u2019s tone and audience.",
      "formatting": "Use clear structure: headings, bullets where useful."
    }
  },
  "learning": {
    "boost_per_positive": 0.02,
    "penalty_per_negative": 0.02,
    "max_total_bias": 0.15
  }
}