<component name="ProjectRunConfigurationManager">
  <configuration default="false" name="Run idsideAI (uvicorn)" type="PythonConfigurationType" factoryName="Python">
    <module name="idsideAI" />
    <option name="INTERPRETER_OPTIONS" value="" />
    <option name="PARENT_ENVS" value="true" />
    <envs>
      <env name="PYTHONPATH" value="$PROJECT_DIR$/Sprint26" />
    </envs>
    <option name="SDK_HOME" value="" />
    <option name="WORKING_DIRECTORY" value="$PROJECT_DIR$/Sprint26" />
    <option name="IS_MODULE_SDK" value="false" />
    <option name="SCRIPT_NAME" value="uvicorn" />
    <option name="PARAMETERS" value="app.main:app --host 0.0.0.0 --port 8000 --reload" />
    <option name="SHOW_COMMAND_LINE" value="false" />
    <option name="EMULATE_TERMINAL" value="false" />
    <method v="2" />
  </configuration>
</component>
